function,dimension,p_sigma_mode,initial_sigma,seed,best_f,evaluations,reached_target
sphere,2,zero,0.1,1,5.569341608868317e-09,331,True
sphere,2,zero,0.1,2,9.754501139989107e-09,295,True
sphere,2,zero,0.1,3,8.207038195745319e-10,277,True
sphere,2,zero,0.1,4,3.619519403313537e-09,343,True
sphere,2,zero,0.1,5,9.585728196160507e-09,295,True
sphere,2,zero,0.1,6,9.224169565720637e-10,265,True
sphere,2,zero,0.1,7,2.4457930043528263e-11,265,True
sphere,2,zero,0.1,8,4.210440089058638e-09,343,True
sphere,2,zero,0.1,9,6.371341434427182e-09,325,True
sphere,2,zero,0.1,10,8.37743278684e-09,355,True
sphere,2,zero,0.3,1,3.715170088871544e-09,259,True
sphere,2,zero,0.3,2,7.408082942433107e-09,265,True
sphere,2,zero,0.3,3,8.350183230895556e-11,271,True
sphere,2,zero,0.3,4,4.826786581887351e-10,289,True
sphere,2,zero,0.3,5,1.9808376693570678e-09,283,True
sphere,2,zero,0.3,6,5.321108364897577e-09,259,True
sphere,2,zero,0.3,7,7.886462256293443e-09,265,True
sphere,2,zero,0.3,8,2.0731386697631437e-09,349,True
sphere,2,zero,0.3,9,2.1278827182784726e-09,319,True
sphere,2,zero,0.3,10,3.959958155733048e-09,337,True
sphere,2,zero,0.5,1,9.383014069721432e-09,379,True
sphere,2,zero,0.5,2,6.0442905423632024e-09,277,True
sphere,2,zero,0.5,3,2.5723944778242724e-09,253,True
sphere,2,zero,0.5,4,3.437072453756674e-09,331,True
sphere,2,zero,0.5,5,1.8494288122474284e-09,247,True
sphere,2,zero,0.5,6,8.622869213636291e-09,265,True
sphere,2,zero,0.5,7,9.190524886531744e-09,289,True
sphere,2,zero,0.5,8,5.5234583569296565e-09,301,True
sphere,2,zero,0.5,9,5.565692725194091e-09,295,True
sphere,2,zero,0.5,10,1.4567156840702583e-10,313,True
sphere,2,zero,1.0,1,5.557567198284204e-09,343,True
sphere,2,zero,1.0,2,6.7487603817476984e-09,259,True
sphere,2,zero,1.0,3,7.124105458877113e-09,289,True
sphere,2,zero,1.0,4,3.4520311297428105e-09,289,True
sphere,2,zero,1.0,5,4.1534028364712256e-09,247,True
sphere,2,zero,1.0,6,4.713017210400482e-10,271,True
sphere,2,zero,1.0,7,8.260521049658782e-09,283,True
sphere,2,zero,1.0,8,5.3662407821561625e-11,301,True
sphere,2,zero,1.0,9,3.0175613792907674e-10,211,True
sphere,2,zero,1.0,10,8.037657179161364e-09,313,True
sphere,2,zero,2.0,1,2.100410525280361e-09,307,True
sphere,2,zero,2.0,2,9.802306404346038e-10,253,True
sphere,2,zero,2.0,3,6.409027655105785e-09,247,True
sphere,2,zero,2.0,4,4.180970460575011e-09,277,True
sphere,2,zero,2.0,5,5.946895229806112e-09,271,True
sphere,2,zero,2.0,6,6.893036161314662e-10,247,True
sphere,2,zero,2.0,7,6.036702842543166e-09,289,True
sphere,2,zero,2.0,8,4.651600195691573e-09,283,True
sphere,2,zero,2.0,9,6.659873398419035e-09,283,True
sphere,2,zero,2.0,10,1.6695269593501618e-09,265,True
sphere,2,zero,5.0,1,5.726841248527771e-09,253,True
sphere,2,zero,5.0,2,4.0961574392082377e-10,295,True
sphere,2,zero,5.0,3,1.6972432807564541e-09,271,True
sphere,2,zero,5.0,4,1.0455578730580465e-09,307,True
sphere,2,zero,5.0,5,6.098175868040985e-09,265,True
sphere,2,zero,5.0,6,2.7041213409165e-09,283,True
sphere,2,zero,5.0,7,9.354529467391877e-09,289,True
sphere,2,zero,5.0,8,1.900620699547572e-09,289,True
sphere,2,zero,5.0,9,6.409106702692078e-11,289,True
sphere,2,zero,5.0,10,8.470461982523031e-09,217,True
sphere,2,random,0.1,1,8.278810976550439e-10,343,True
sphere,2,random,0.1,2,3.2470676147352417e-09,289,True
sphere,2,random,0.1,3,9.418985007218701e-09,265,True
sphere,2,random,0.1,4,7.086105625619367e-09,343,True
sphere,2,random,0.1,5,7.690594564515076e-09,337,True
sphere,2,random,0.1,6,5.642298985460967e-09,277,True
sphere,2,random,0.1,7,1.3344419135442495e-09,271,True
sphere,2,random,0.1,8,2.982506673077176e-09,289,True
sphere,2,random,0.1,9,3.208883879163624e-09,253,True
sphere,2,random,0.1,10,8.992173818302587e-09,313,True
sphere,2,random,0.3,1,6.7469445366527705e-09,289,True
sphere,2,random,0.3,2,1.9224483300589225e-09,265,True
sphere,2,random,0.3,3,9.305823083303823e-09,241,True
sphere,2,random,0.3,4,8.590661439188084e-09,307,True
sphere,2,random,0.3,5,2.906795250550439e-09,301,True
sphere,2,random,0.3,6,2.629392220505449e-09,271,True
sphere,2,random,0.3,7,4.521224370753828e-09,283,True
sphere,2,random,0.3,8,4.736414692828573e-09,313,True
sphere,2,random,0.3,9,6.8788869613348976e-09,295,True
sphere,2,random,0.3,10,6.115546277502328e-09,277,True
sphere,2,random,0.5,1,7.585483519303752e-09,307,True
sphere,2,random,0.5,2,6.768415130662225e-10,271,True
sphere,2,random,0.5,3,8.840084381293632e-09,265,True
sphere,2,random,0.5,4,8.346450688228893e-09,307,True
sphere,2,random,0.5,5,7.526509938021456e-09,301,True
sphere,2,random,0.5,6,2.280670879589531e-09,241,True
sphere,2,random,0.5,7,7.220117997424448e-09,295,True
sphere,2,random,0.5,8,6.666205610962427e-09,247,True
sphere,2,random,0.5,9,4.567663445786493e-09,295,True
sphere,2,random,0.5,10,1.4693354986671563e-09,277,True
sphere,2,random,1.0,1,1.1178075108545824e-09,307,True
sphere,2,random,1.0,2,2.4953650101510123e-09,259,True
sphere,2,random,1.0,3,7.73286348337657e-09,241,True
sphere,2,random,1.0,4,4.407462756831946e-09,247,True
sphere,2,random,1.0,5,3.998221568691538e-09,265,True
sphere,2,random,1.0,6,2.2602589380807313e-09,241,True
sphere,2,random,1.0,7,7.932845900230189e-09,307,True
sphere,2,random,1.0,8,4.169676344154332e-09,295,True
sphere,2,random,1.0,9,9.652288952770934e-09,283,True
sphere,2,random,1.0,10,5.032529508179515e-09,277,True
sphere,2,random,2.0,1,2.570548243481433e-09,241,True
sphere,2,random,2.0,2,9.166948667331966e-09,241,True
sphere,2,random,2.0,3,4.700142677263551e-09,247,True
sphere,2,random,2.0,4,5.824389961075769e-09,211,True
sphere,2,random,2.0,5,6.3451434166852604e-09,283,True
sphere,2,random,2.0,6,1.9945892602523784e-09,247,True
sphere,2,random,2.0,7,2.3805095262484793e-09,205,True
sphere,2,random,2.0,8,2.874574001349813e-09,247,True
sphere,2,random,2.0,9,1.327593598002195e-09,217,True
sphere,2,random,2.0,10,7.673789267455368e-09,313,True
sphere,2,random,5.0,1,3.6548357163383234e-09,289,True
sphere,2,random,5.0,2,6.820941528028135e-09,235,True
sphere,2,random,5.0,3,1.2279957626211683e-09,259,True
sphere,2,random,5.0,4,5.118682265585997e-09,253,True
sphere,2,random,5.0,5,4.418171793290614e-09,295,True
sphere,2,random,5.0,6,1.8164019295045058e-09,271,True
sphere,2,random,5.0,7,5.992962210984275e-09,301,True
sphere,2,random,5.0,8,9.119491205304858e-09,319,True
sphere,2,random,5.0,9,3.8979860342243224e-10,307,True
sphere,2,random,5.0,10,7.27963716931233e-09,277,True
sphere,10,zero,0.1,1,6.227724547957536e-09,1511,True
sphere,10,zero,0.1,2,8.662937235601855e-09,1551,True
sphere,10,zero,0.1,3,6.582958592473595e-09,1661,True
sphere,10,zero,0.1,4,9.788173182354893e-09,1731,True
sphere,10,zero,0.1,5,6.461993824926206e-09,1651,True
sphere,10,zero,0.1,6,9.523294919809543e-09,1631,True
sphere,10,zero,0.1,7,7.511386805076878e-09,1511,True
sphere,10,zero,0.1,8,8.800341504219234e-09,1501,True
sphere,10,zero,0.1,9,6.815494668890168e-09,1681,True
sphere,10,zero,0.1,10,9.111629101639305e-09,1601,True
sphere,10,zero,0.3,1,9.221692806736292e-09,1461,True
sphere,10,zero,0.3,2,6.375784293986837e-09,1511,True
sphere,10,zero,0.3,3,6.5844747942377966e-09,1481,True
sphere,10,zero,0.3,4,9.512987727423845e-09,1461,True
sphere,10,zero,0.3,5,6.67595011600346e-09,1481,True
sphere,10,zero,0.3,6,7.144684068682412e-09,1441,True
sphere,10,zero,0.3,7,5.900648193270425e-09,1531,True
sphere,10,zero,0.3,8,9.850064614837204e-09,1731,True
sphere,10,zero,0.3,9,5.216840040388842e-09,1741,True
sphere,10,zero,0.3,10,8.97984979935434e-09,1571,True
sphere,10,zero,0.5,1,9.946089080729275e-09,1641,True
sphere,10,zero,0.5,2,8.017256913505043e-09,1571,True
sphere,10,zero,0.5,3,9.832256481936338e-09,1421,True
sphere,10,zero,0.5,4,9.739631063204673e-09,1511,True
sphere,10,zero,0.5,5,9.164036556730527e-09,1641,True
sphere,10,zero,0.5,6,8.13939118506798e-09,1471,True
sphere,10,zero,0.5,7,8.508038480396943e-09,1511,True
sphere,10,zero,0.5,8,9.489866587777696e-09,1421,True
sphere,10,zero,0.5,9,8.903163087882268e-09,1631,True
sphere,10,zero,0.5,10,6.7490192877520195e-09,1581,True
sphere,10,zero,1.0,1,9.976247188599738e-09,1441,True
sphere,10,zero,1.0,2,5.19647336900918e-09,1401,True
sphere,10,zero,1.0,3,7.63172266958099e-09,1451,True
sphere,10,zero,1.0,4,6.493803517218331e-09,1571,True
sphere,10,zero,1.0,5,5.568284706868191e-09,1421,True
sphere,10,zero,1.0,6,7.711384021003097e-09,1431,True
sphere,10,zero,1.0,7,8.388241398813351e-09,1591,True
sphere,10,zero,1.0,8,8.470529270810857e-09,1361,True
sphere,10,zero,1.0,9,8.426143606213408e-09,1561,True
sphere,10,zero,1.0,10,5.2063376390201035e-09,1511,True
sphere,10,zero,2.0,1,7.3079024445284256e-09,1381,True
sphere,10,zero,2.0,2,7.463804907042249e-09,1401,True
sphere,10,zero,2.0,3,7.347381705285634e-09,1551,True
sphere,10,zero,2.0,4,6.730446264263839e-09,1501,True
sphere,10,zero,2.0,5,7.588396007057914e-09,1521,True
sphere,10,zero,2.0,6,9.674360894667387e-09,1481,True
sphere,10,zero,2.0,7,7.40976274789518e-09,1511,True
sphere,10,zero,2.0,8,9.285542013914074e-09,1491,True
sphere,10,zero,2.0,9,8.49354499988156e-09,1491,True
sphere,10,zero,2.0,10,7.711576889703734e-09,1591,True
sphere,10,zero,5.0,1,7.602788784528345e-09,1501,True
sphere,10,zero,5.0,2,6.927432897803142e-09,1431,True
sphere,10,zero,5.0,3,8.580906166677457e-09,1501,True
sphere,10,zero,5.0,4,7.952311652571885e-09,1451,True
sphere,10,zero,5.0,5,9.934204830744411e-09,1701,True
sphere,10,zero,5.0,6,9.415524206136954e-09,1501,True
sphere,10,zero,5.0,7,7.388021514108093e-09,1501,True
sphere,10,zero,5.0,8,9.912439155556154e-09,1461,True
sphere,10,zero,5.0,9,9.979630422750126e-09,1531,True
sphere,10,zero,5.0,10,9.61598350180612e-09,1421,True
sphere,10,random,0.1,1,8.472288910754775e-09,1571,True
sphere,10,random,0.1,2,9.235876033639996e-09,1501,True
sphere,10,random,0.1,3,4.078070107512527e-09,1471,True
sphere,10,random,0.1,4,9.52228453207281e-09,1631,True
sphere,10,random,0.1,5,7.52040550932087e-09,1681,True
sphere,10,random,0.1,6,7.21528133705154e-09,1601,True
sphere,10,random,0.1,7,9.22639726712102e-09,1661,True
sphere,10,random,0.1,8,6.570029513823264e-09,1491,True
sphere,10,random,0.1,9,8.374403500844153e-09,1751,True
sphere,10,random,0.1,10,7.670502538914141e-09,1551,True
sphere,10,random,0.3,1,8.61827446607592e-09,1501,True
sphere,10,random,0.3,2,9.51305605457097e-09,1521,True
sphere,10,random,0.3,3,4.7308424583155554e-09,1491,True
sphere,10,random,0.3,4,9.833601022306364e-09,1531,True
sphere,10,random,0.3,5,7.601588207703366e-09,1651,True
sphere,10,random,0.3,6,8.6032772859657e-09,1521,True
sphere,10,random,0.3,7,9.81267191448445e-09,1571,True
sphere,10,random,0.3,8,5.82900251093111e-09,1641,True
sphere,10,random,0.3,9,6.616859138516109e-09,1651,True
sphere,10,random,0.3,10,9.77548045575478e-09,1521,True
sphere,10,random,0.5,1,9.157654526311203e-09,1401,True
sphere,10,random,0.5,2,4.815499457127044e-09,1431,True
sphere,10,random,0.5,3,9.193854157935566e-09,1571,True
sphere,10,random,0.5,4,7.272275081301543e-09,1431,True
sphere,10,random,0.5,5,6.105526855789738e-09,1471,True
sphere,10,random,0.5,6,9.43220849545821e-09,1431,True
sphere,10,random,0.5,7,6.813113929168068e-09,1641,True
sphere,10,random,0.5,8,7.746139578040883e-09,1441,True
sphere,10,random,0.5,9,5.901633912805239e-09,1511,True
sphere,10,random,0.5,10,9.384394531876973e-09,1621,True
sphere,10,random,1.0,1,6.19746143604048e-09,1421,True
sphere,10,random,1.0,2,8.962852492454579e-09,1501,True
sphere,10,random,1.0,3,6.725603833423951e-09,1471,True
sphere,10,random,1.0,4,7.026148116879684e-09,1431,True
sphere,10,random,1.0,5,6.276069655011154e-09,1501,True
sphere,10,random,1.0,6,4.853518811870398e-09,1611,True
sphere,10,random,1.0,7,9.23897283345549e-09,1431,True
sphere,10,random,1.0,8,9.42121276641795e-09,1461,True
sphere,10,random,1.0,9,8.744558923998266e-09,1591,True
sphere,10,random,1.0,10,8.541282160323346e-09,1491,True
sphere,10,random,2.0,1,9.778390722733283e-09,1491,True
sphere,10,random,2.0,2,9.732049239402805e-09,1371,True
sphere,10,random,2.0,3,9.843874412976475e-09,1421,True
sphere,10,random,2.0,4,9.320437857724995e-09,1461,True
sphere,10,random,2.0,5,3.496493083322429e-09,1661,True
sphere,10,random,2.0,6,6.492212701806539e-09,1531,True
sphere,10,random,2.0,7,9.93586387407039e-09,1511,True
sphere,10,random,2.0,8,8.071857332785832e-09,1551,True
sphere,10,random,2.0,9,9.211259974159752e-09,1581,True
sphere,10,random,2.0,10,8.847624357763664e-09,1561,True
sphere,10,random,5.0,1,7.71479479399766e-09,1571,True
sphere,10,random,5.0,2,9.92583002655418e-09,1521,True
sphere,10,random,5.0,3,7.414876044992038e-09,1491,True
sphere,10,random,5.0,4,5.897875761894329e-09,1561,True
sphere,10,random,5.0,5,6.914730806125135e-09,1571,True
sphere,10,random,5.0,6,4.969629777783401e-09,1611,True
sphere,10,random,5.0,7,7.740378986344858e-09,1621,True
sphere,10,random,5.0,8,8.279784840451762e-09,1581,True
sphere,10,random,5.0,9,8.594809749986823e-09,1621,True
sphere,10,random,5.0,10,9.343110943127325e-09,1491,True
rosenbrock,2,zero,0.1,1,5.672685052204522e-09,697,True
rosenbrock,2,zero,0.1,2,6.332840662726155e-09,511,True
rosenbrock,2,zero,0.1,3,4.562930190039563e-09,667,True
rosenbrock,2,zero,0.1,4,5.898651876410138e-09,541,True
rosenbrock,2,zero,0.1,5,2.506274459698834e-09,817,True
rosenbrock,2,zero,0.1,6,4.323912258816213e-09,589,True
rosenbrock,2,zero,0.1,7,6.443290232431918e-09,799,True
rosenbrock,2,zero,0.1,8,4.1229135515800015e-09,1333,True
rosenbrock,2,zero,0.1,9,6.18782218896901e-09,751,True
rosenbrock,2,zero,0.1,10,5.11273890350096e-09,1147,True
rosenbrock,2,zero,0.3,1,5.898979026407674e-09,559,True
rosenbrock,2,zero,0.3,2,8.621670894473074e-09,499,True
rosenbrock,2,zero,0.3,3,1.3923663471439558e-10,787,True
rosenbrock,2,zero,0.3,4,1.5146327915313133e-09,583,True
rosenbrock,2,zero,0.3,5,1.7815533623088205e-09,781,True
rosenbrock,2,zero,0.3,6,5.631076830985211e-09,583,True
rosenbrock,2,zero,0.3,7,3.1081849272957304e-09,589,True
rosenbrock,2,zero,0.3,8,5.376524854607483e-09,1219,True
rosenbrock,2,zero,0.3,9,3.136428485683183e-10,715,True
rosenbrock,2,zero,0.3,10,6.927746061979821e-10,757,True
rosenbrock,2,zero,0.5,1,6.6101542806626155e-09,487,True
rosenbrock,2,zero,0.5,2,6.087025444510341e-09,427,True
rosenbrock,2,zero,0.5,3,4.843841065783052e-09,445,True
rosenbrock,2,zero,0.5,4,7.525728246263866e-09,733,True
rosenbrock,2,zero,0.5,5,7.842359675250446e-09,691,True
rosenbrock,2,zero,0.5,6,3.831020223639984e-09,571,True
rosenbrock,2,zero,0.5,7,5.651007960739056e-10,619,True
rosenbrock,2,zero,0.5,8,5.264087958828154e-09,1339,True
rosenbrock,2,zero,0.5,9,2.9633362612386427e-09,715,True
rosenbrock,2,zero,0.5,10,4.7381324263746695e-09,577,True
rosenbrock,2,zero,1.0,1,6.632933187893626e-09,421,True
rosenbrock,2,zero,1.0,2,3.989113091748831e-09,511,True
rosenbrock,2,zero,1.0,3,6.7734614854262484e-09,595,True
rosenbrock,2,zero,1.0,4,7.255775709455591e-09,649,True
rosenbrock,2,zero,1.0,5,3.7306917799882575e-09,349,True
rosenbrock,2,zero,1.0,6,2.4464311811535626e-09,463,True
rosenbrock,2,zero,1.0,7,2.7418392794634553e-09,667,True
rosenbrock,2,zero,1.0,8,7.121775717413325e-09,1219,True
rosenbrock,2,zero,1.0,9,4.062966631019219e-09,427,True
rosenbrock,2,zero,1.0,10,7.2434819762948306e-09,691,True
rosenbrock,2,zero,2.0,1,9.033142583528695e-09,499,True
rosenbrock,2,zero,2.0,2,5.844718487436659e-09,511,True
rosenbrock,2,zero,2.0,3,9.30871392008409e-09,451,True
rosenbrock,2,zero,2.0,4,6.989642518723791e-10,565,True
rosenbrock,2,zero,2.0,5,5.996951641894827e-09,475,True
rosenbrock,2,zero,2.0,6,6.141152417907895e-09,439,True
rosenbrock,2,zero,2.0,7,4.7228796354429265e-09,403,True
rosenbrock,2,zero,2.0,8,9.718766919992147e-09,1267,True
rosenbrock,2,zero,2.0,9,7.609020574876112e-10,691,True
rosenbrock,2,zero,2.0,10,5.217475467114333e-09,607,True
rosenbrock,2,zero,5.0,1,5.731416260480987e-09,937,True
rosenbrock,2,zero,5.0,2,5.737056226969812e-09,1093,True
rosenbrock,2,zero,5.0,3,6.383852996177432e-09,607,True
rosenbrock,2,zero,5.0,4,2.9618172198016202e-09,697,True
rosenbrock,2,zero,5.0,5,4.63885297281566e-09,397,True
rosenbrock,2,zero,5.0,6,5.526113874114081e-09,523,True
rosenbrock,2,zero,5.0,7,5.784315258995405e-09,589,True
rosenbrock,2,zero,5.0,8,8.250264147858334e-09,601,True
rosenbrock,2,zero,5.0,9,7.924465516023605e-09,619,True
rosenbrock,2,zero,5.0,10,2.7252286185296755e-09,721,True
rosenbrock,2,random,0.1,1,2.2622886286480084e-09,505,True
rosenbrock,2,random,0.1,2,4.987366105772309e-09,505,True
rosenbrock,2,random,0.1,3,7.239266639329664e-09,721,True
rosenbrock,2,random,0.1,4,7.669967927441973e-09,577,True
rosenbrock,2,random,0.1,5,3.50473888945036e-09,745,True
rosenbrock,2,random,0.1,6,3.3886626029319183e-09,499,True
rosenbrock,2,random,0.1,7,8.734622351616986e-09,589,True
rosenbrock,2,random,0.1,8,4.999571267915397e-09,1051,True
rosenbrock,2,random,0.1,9,7.1530344267202125e-09,415,True
rosenbrock,2,random,0.1,10,4.006729632187462e-09,541,True
rosenbrock,2,random,0.3,1,2.3224160305544085e-09,1027,True
rosenbrock,2,random,0.3,2,2.91334685296744e-09,535,True
rosenbrock,2,random,0.3,3,3.674256332002555e-09,577,True
rosenbrock,2,random,0.3,4,2.088108612712863e-09,619,True
rosenbrock,2,random,0.3,5,9.689975743329931e-10,679,True
rosenbrock,2,random,0.3,6,9.530817579117729e-09,565,True
rosenbrock,2,random,0.3,7,3.911954082899822e-09,493,True
rosenbrock,2,random,0.3,8,5.509410337173125e-09,1141,True
rosenbrock,2,random,0.3,9,4.857959250175017e-09,799,True
rosenbrock,2,random,0.3,10,3.621053055928623e-09,697,True
rosenbrock,2,random,0.5,1,4.64875653141844e-09,811,True
rosenbrock,2,random,0.5,2,6.3335295835702024e-09,565,True
rosenbrock,2,random,0.5,3,7.256745464674017e-09,793,True
rosenbrock,2,random,0.5,4,1.9686125116169185e-10,613,True
rosenbrock,2,random,0.5,5,7.891119495641914e-09,499,True
rosenbrock,2,random,0.5,6,1.500300079190122e-09,499,True
rosenbrock,2,random,0.5,7,1.174617489207452e-09,577,True
rosenbrock,2,random,0.5,8,6.156170752714911e-09,1093,True
rosenbrock,2,random,0.5,9,9.985390689960413e-09,847,True
rosenbrock,2,random,0.5,10,9.90099136856556e-09,559,True
rosenbrock,2,random,1.0,1,2.483904841974711e-09,709,True
rosenbrock,2,random,1.0,2,8.37683783464308e-09,517,True
rosenbrock,2,random,1.0,3,9.86071818161194e-09,481,True
rosenbrock,2,random,1.0,4,1.5129391700121744e-09,607,True
rosenbrock,2,random,1.0,5,5.506362265983396e-09,481,True
rosenbrock,2,random,1.0,6,5.918527792938621e-09,535,True
rosenbrock,2,random,1.0,7,1.2461945767522924e-09,421,True
rosenbrock,2,random,1.0,8,6.793727136500991e-09,1057,True
rosenbrock,2,random,1.0,9,7.89796129986164e-09,1153,True
rosenbrock,2,random,1.0,10,9.273137039682688e-09,715,True
rosenbrock,2,random,2.0,1,9.756281142322676e-09,367,True
rosenbrock,2,random,2.0,2,6.348270379992893e-09,763,True
rosenbrock,2,random,2.0,3,6.297452636999255e-09,1297,True
rosenbrock,2,random,2.0,4,6.3387779420815796e-09,613,True
rosenbrock,2,random,2.0,5,8.418009499065394e-09,475,True
rosenbrock,2,random,2.0,6,5.4468357702096714e-09,943,True
rosenbrock,2,random,2.0,7,7.834255689029758e-09,583,True
rosenbrock,2,random,2.0,8,2.0453193604825476e-09,1201,True
rosenbrock,2,random,2.0,9,8.273315454576361e-09,835,True
rosenbrock,2,random,2.0,10,3.881849668877443e-09,625,True
rosenbrock,2,random,5.0,1,4.719916954313162e-10,415,True
rosenbrock,2,random,5.0,2,2.0565506434862422e-11,973,True
rosenbrock,2,random,5.0,3,1.6963523172224512e-10,1201,True
rosenbrock,2,random,5.0,4,5.835412586605527e-09,499,True
rosenbrock,2,random,5.0,5,9.398587782252385e-09,397,True
rosenbrock,2,random,5.0,6,3.0356192098319185e-09,655,True
rosenbrock,2,random,5.0,7,3.474074840955163e-09,577,True
rosenbrock,2,random,5.0,8,9.381674488827594e-09,589,True
rosenbrock,2,random,5.0,9,8.491683940203163e-09,517,True
rosenbrock,2,random,5.0,10,3.3839994635726518e-09,937,True
rosenbrock,10,zero,0.1,1,9.882447671501877e-09,7281,True
rosenbrock,10,zero,0.1,2,8.488715002599216e-09,5871,True
rosenbrock,10,zero,0.1,3,7.904505969505093e-09,6261,True
rosenbrock,10,zero,0.1,4,6.297924043070214e-09,7351,True
rosenbrock,10,zero,0.1,5,7.051755429473402e-09,6961,True
rosenbrock,10,zero,0.1,6,9.261486369583039e-09,5721,True
rosenbrock,10,zero,0.1,7,8.666071639566199e-09,7141,True
rosenbrock,10,zero,0.1,8,8.72387375514876e-09,6241,True
rosenbrock,10,zero,0.1,9,9.673718952006926e-09,6371,True
rosenbrock,10,zero,0.1,10,9.355190567237023e-09,6421,True
rosenbrock,10,zero,0.3,1,9.498959766493438e-09,6881,True
rosenbrock,10,zero,0.3,2,7.93279491723738e-09,5811,True
rosenbrock,10,zero,0.3,3,5.06016620421821e-09,5931,True
rosenbrock,10,zero,0.3,4,9.554105680240038e-09,6911,True
rosenbrock,10,zero,0.3,5,5.35459684274555e-09,6721,True
rosenbrock,10,zero,0.3,6,7.973627166410417e-09,6191,True
rosenbrock,10,zero,0.3,7,8.277234717686391e-09,6541,True
rosenbrock,10,zero,0.3,8,6.938625735397538e-09,5321,True
rosenbrock,10,zero,0.3,9,5.5306212339308735e-09,7211,True
rosenbrock,10,zero,0.3,10,8.585557346453726e-09,6491,True
rosenbrock,10,zero,0.5,1,7.601210964464077e-09,7021,True
rosenbrock,10,zero,0.5,2,7.897151153460688e-09,7911,True
rosenbrock,10,zero,0.5,3,8.865047157072817e-09,6081,True
rosenbrock,10,zero,0.5,4,7.034462994334824e-09,7151,True
rosenbrock,10,zero,0.5,5,8.589539824267147e-09,8031,True
rosenbrock,10,zero,0.5,6,7.651880518006166e-09,6211,True
rosenbrock,10,zero,0.5,7,4.505946741388146e-09,5651,True
rosenbrock,10,zero,0.5,8,6.730129494689492e-09,6251,True
rosenbrock,10,zero,0.5,9,4.8646309364007536e-09,6421,True
rosenbrock,10,zero,0.5,10,9.362984265982819e-09,4101,True
rosenbrock,10,zero,1.0,1,2.988597079021019e-09,7051,True
rosenbrock,10,zero,1.0,2,6.873914093890025e-09,6771,True
rosenbrock,10,zero,1.0,3,7.172906973843032e-09,5551,True
rosenbrock,10,zero,1.0,4,8.773899173440101e-09,5661,True
rosenbrock,10,zero,1.0,5,5.737926881554861e-09,9261,True
rosenbrock,10,zero,1.0,6,9.096536340372133e-09,6531,True
rosenbrock,10,zero,1.0,7,8.591211895447688e-09,6201,True
rosenbrock,10,zero,1.0,8,5.562526400761246e-09,6131,True
rosenbrock,10,zero,1.0,9,6.205283568318201e-09,6741,True
rosenbrock,10,zero,1.0,10,9.838218214088205e-09,6321,True
rosenbrock,10,zero,2.0,1,7.415691339584573e-09,6691,True
rosenbrock,10,zero,2.0,2,3.986579112347137,20001,False
rosenbrock,10,zero,2.0,3,6.44875938443145e-09,6771,True
rosenbrock,10,zero,2.0,4,7.862606976809983e-09,6641,True
rosenbrock,10,zero,2.0,5,9.831480579819921e-09,5511,True
rosenbrock,10,zero,2.0,6,6.089681073049279e-09,6641,True
rosenbrock,10,zero,2.0,7,7.823204977108646e-09,5731,True
rosenbrock,10,zero,2.0,8,7.023840309233477e-09,7451,True
rosenbrock,10,zero,2.0,9,7.96835588881431e-09,4281,True
rosenbrock,10,zero,2.0,10,7.656895774352015e-09,5891,True
rosenbrock,10,zero,5.0,1,8.8971693211538e-09,7831,True
rosenbrock,10,zero,5.0,2,9.284920804996093e-09,6511,True
rosenbrock,10,zero,5.0,3,9.370605509191887e-09,6281,True
rosenbrock,10,zero,5.0,4,7.325279818087037e-09,5931,True
rosenbrock,10,zero,5.0,5,8.067365071503338e-09,5591,True
rosenbrock,10,zero,5.0,6,3.986579112347137,20001,False
rosenbrock,10,zero,5.0,7,4.365142460696487e-09,6661,True
rosenbrock,10,zero,5.0,8,6.043471929561356e-09,6331,True
rosenbrock,10,zero,5.0,9,7.869563461907488e-09,7101,True
rosenbrock,10,zero,5.0,10,9.107964066089898e-09,5921,True
rosenbrock,10,random,0.1,1,9.950650244089711e-09,8051,True
rosenbrock,10,random,0.1,2,3.986579112347137,20001,False
rosenbrock,10,random,0.1,3,9.631395784187174e-09,5911,True
rosenbrock,10,random,0.1,4,9.931804485524086e-09,6361,True
rosenbrock,10,random,0.1,5,9.935214906338331e-09,7131,True
rosenbrock,10,random,0.1,6,5.056552397278775e-09,6051,True
rosenbrock,10,random,0.1,7,7.443169714936993e-09,7461,True
rosenbrock,10,random,0.1,8,7.986466539544742e-09,7871,True
rosenbrock,10,random,0.1,9,7.408360266920751e-09,5441,True
rosenbrock,10,random,0.1,10,6.138314740683259e-09,5491,True
rosenbrock,10,random,0.3,1,9.320684851226703e-09,6321,True
rosenbrock,10,random,0.3,2,6.594741474593265e-09,6431,True
rosenbrock,10,random,0.3,3,7.34923435234536e-09,6431,True
rosenbrock,10,random,0.3,4,7.745530234354602e-09,7031,True
rosenbrock,10,random,0.3,5,6.115911809777741e-09,5641,True
rosenbrock,10,random,0.3,6,7.65118269395542e-09,6681,True
rosenbrock,10,random,0.3,7,8.281477288493697e-09,7391,True
rosenbrock,10,random,0.3,8,9.835732471334991e-09,7301,True
rosenbrock,10,random,0.3,9,9.826431652959764e-09,6971,True
rosenbrock,10,random,0.3,10,9.787652465640598e-09,6421,True
rosenbrock,10,random,0.5,1,4.653860865586299e-09,6291,True
rosenbrock,10,random,0.5,2,6.794173048373944e-09,7231,True
rosenbrock,10,random,0.5,3,5.354069525683414e-09,6281,True
rosenbrock,10,random,0.5,4,9.464517678430204e-09,6801,True
rosenbrock,10,random,0.5,5,3.9865791123471372,20001,False
rosenbrock,10,random,0.5,6,9.054222382182468e-09,5511,True
rosenbrock,10,random,0.5,7,9.016967597930604e-09,5761,True
rosenbrock,10,random,0.5,8,8.608057241268736e-09,6521,True
rosenbrock,10,random,0.5,9,9.03247868783104e-09,6011,True
rosenbrock,10,random,0.5,10,9.40393040219109e-09,7781,True
rosenbrock,10,random,1.0,1,8.978715633281588e-09,6511,True
rosenbrock,10,random,1.0,2,5.130411838895449e-09,6511,True
rosenbrock,10,random,1.0,3,7.5715765245751e-09,7051,True
rosenbrock,10,random,1.0,4,9.893391649348122e-09,7391,True
rosenbrock,10,random,1.0,5,7.531662163585257e-09,6001,True
rosenbrock,10,random,1.0,6,3.9865791123471372,20001,False
rosenbrock,10,random,1.0,7,6.164482951043177e-09,5651,True
rosenbrock,10,random,1.0,8,9.576346515123554e-09,7221,True
rosenbrock,10,random,1.0,9,3.986579112347137,20001,False
rosenbrock,10,random,1.0,10,4.964374994838381e-09,5891,True
rosenbrock,10,random,2.0,1,5.532141394001559e-09,8081,True
rosenbrock,10,random,2.0,2,6.413090963882281e-09,6271,True
rosenbrock,10,random,2.0,3,8.029057138451792e-09,5691,True
rosenbrock,10,random,2.0,4,9.218741843235197e-09,7581,True
rosenbrock,10,random,2.0,5,3.9865791123471372,20001,False
rosenbrock,10,random,2.0,6,7.370420615586236e-09,6551,True
rosenbrock,10,random,2.0,7,9.453821233652319e-09,6661,True
rosenbrock,10,random,2.0,8,9.311628548218676e-09,5931,True
rosenbrock,10,random,2.0,9,4.699954258341553e-09,7661,True
rosenbrock,10,random,2.0,10,4.825556524043633e-09,6531,True
rosenbrock,10,random,5.0,1,7.745479710232825e-09,7401,True
rosenbrock,10,random,5.0,2,3.9865791123471372,20001,False
rosenbrock,10,random,5.0,3,9.975285568486872e-09,7341,True
rosenbrock,10,random,5.0,4,6.482685738943917e-09,4921,True
rosenbrock,10,random,5.0,5,8.099393665592769e-09,5811,True
rosenbrock,10,random,5.0,6,7.352579225524729e-09,7441,True
rosenbrock,10,random,5.0,7,5.561558850602882e-09,6781,True
rosenbrock,10,random,5.0,8,8.594217224539189e-09,6381,True
rosenbrock,10,random,5.0,9,9.923957370911636e-09,6071,True
rosenbrock,10,random,5.0,10,5.049931839743481e-09,8801,True
rastrigin,2,zero,0.1,1,15.919243792461529,20005,False
rastrigin,2,zero,0.1,2,7.959662381108172,20005,False
rastrigin,2,zero,0.1,3,24.873845033948538,20005,False
rastrigin,2,zero,0.1,4,15.919243792461529,20005,False
rastrigin,2,zero,0.1,5,17.909202482974017,20005,False
rastrigin,2,zero,0.1,6,3.979831190554087,20005,False
rastrigin,2,zero,0.1,7,16.91420284955482,20005,False
rastrigin,2,zero,0.1,8,28.85355412509631,20005,False
rastrigin,2,zero,0.1,9,19.899074983015616,20005,False
rastrigin,2,zero,0.1,10,33.82832417602923,20005,False
rastrigin,2,zero,0.3,1,16.91420284955482,20005,False
rastrigin,2,zero,0.3,2,7.959662381108172,20005,False
rastrigin,2,zero,0.3,3,24.87384503394854,20005,False
rastrigin,2,zero,0.3,4,1.9899181141865796,20005,False
rastrigin,2,zero,0.3,5,17.909202482974017,20005,False
rastrigin,2,zero,0.3,6,1.9899181141865796,20005,False
rastrigin,2,zero,0.3,7,16.91420284955482,20005,False
rastrigin,2,zero,0.3,8,28.85355412509631,20005,False
rastrigin,2,zero,0.3,9,0.9949590570932898,20005,False
rastrigin,2,zero,0.3,10,33.82832417602923,20005,False
rastrigin,2,zero,0.5,1,15.919243792461529,20005,False
rastrigin,2,zero,0.5,2,7.959662381108174,20005,False
rastrigin,2,zero,0.5,3,24.87384503394854,20005,False
rastrigin,2,zero,0.5,4,1.1523425276422223,20005,False
rastrigin,2,zero,0.5,5,17.90920248297402,20005,False
rastrigin,2,zero,0.5,6,9.47155243125053e-09,523,True
rastrigin,2,zero,0.5,7,2.7026393385347234,20005,False
rastrigin,2,zero,0.5,8,6.753648307267213e-09,511,True
rastrigin,2,zero,0.5,9,1.9899181141865796,20005,False
rastrigin,2,zero,0.5,10,33.548417164181416,20005,False
rastrigin,2,zero,1.0,1,12.934432432041094,20005,False
rastrigin,2,zero,1.0,2,1.9899181141865796,20005,False
rastrigin,2,zero,1.0,3,1.0856540090696818,20005,False
rastrigin,2,zero,1.0,4,0.9949590570932898,20005,False
rastrigin,2,zero,1.0,5,12.934432432041095,20005,False
rastrigin,2,zero,1.0,6,1.1388931853160074,20005,False
rastrigin,2,zero,1.0,7,0.9949590570932898,20005,False
rastrigin,2,zero,1.0,8,19.899074983015616,20005,False
rastrigin,2,zero,1.0,9,8.954601241487008,20005,False
rastrigin,2,zero,1.0,10,24.873845033948538,20005,False
rastrigin,2,zero,2.0,1,1.9899181141865796,20005,False
rastrigin,2,zero,2.0,2,4.494562944046265e-09,511,True
rastrigin,2,zero,2.0,3,1.101906441592078,20005,False
rastrigin,2,zero,2.0,4,2.0894973528604446,20005,False
rastrigin,2,zero,2.0,5,4.353747584673329e-09,457,True
rastrigin,2,zero,2.0,6,1.8260806200487423e-09,361,True
rastrigin,2,zero,2.0,7,2.519788389180878,20005,False
rastrigin,2,zero,2.0,8,1.082207455630023,20005,False
rastrigin,2,zero,2.0,9,0.9949590570932898,20005,False
rastrigin,2,zero,2.0,10,2.625337454296684,20005,False
rastrigin,2,zero,5.0,1,1.5122298604716846,20005,False
rastrigin,2,zero,5.0,2,0.35322526505992613,20005,False
rastrigin,2,zero,5.0,3,3.979831190554087,20005,False
rastrigin,2,zero,5.0,4,4.171533591253414,20005,False
rastrigin,2,zero,5.0,5,4.974790247647377,20005,False
rastrigin,2,zero,5.0,6,0.9949590570932898,20005,False
rastrigin,2,zero,5.0,7,0.5246874203132279,20005,False
rastrigin,2,zero,5.0,8,0.9949590570932898,20005,False
rastrigin,2,zero,5.0,9,3.3780942487737775e-09,613,True
rastrigin,2,zero,5.0,10,1.9899181141865796,20005,False
rastrigin,2,random,0.1,1,15.919243792461529,20005,False
rastrigin,2,random,0.1,2,7.959662381108174,20005,False
rastrigin,2,random,0.1,3,24.873845033948538,20005,False
rastrigin,2,random,0.1,4,15.919243792461529,20005,False
rastrigin,2,random,0.1,5,17.909202482974017,20005,False
rastrigin,2,random,0.1,6,3.979831190554087,20005,False
rastrigin,2,random,0.1,7,16.91420284955482,20005,False
rastrigin,2,random,0.1,8,28.85355412509631,20005,False
rastrigin,2,random,0.1,9,19.899074983015616,20005,False
rastrigin,2,random,0.1,10,33.82832417602923,20005,False
rastrigin,2,random,0.3,1,24.873722934542222,20005,False
rastrigin,2,random,0.3,2,7.959662381108174,20005,False
rastrigin,2,random,0.3,3,24.87384503394854,20005,False
rastrigin,2,random,0.3,4,15.919243792461529,20005,False
rastrigin,2,random,0.3,5,17.90920248297402,20005,False
rastrigin,2,random,0.3,6,4.974790247647377,20005,False
rastrigin,2,random,0.3,7,16.91420284955482,20005,False
rastrigin,2,random,0.3,8,12.934432432041094,20005,False
rastrigin,2,random,0.3,9,4.974790247647375,20005,False
rastrigin,2,random,0.3,10,33.82832417602923,20005,False
rastrigin,2,random,0.5,1,16.91420284955482,20005,False
rastrigin,2,random,0.5,2,4.974790247647375,20005,False
rastrigin,2,random,0.5,3,14.668172798724775,20005,False
rastrigin,2,random,0.5,4,15.919243792461529,20005,False
rastrigin,2,random,0.5,5,5.11443001260702,20005,False
rastrigin,2,random,0.5,6,2.0120793919886637e-10,361,True
rastrigin,2,random,0.5,7,1.9899181141865796,20005,False
rastrigin,2,random,0.5,8,0.9949590570932898,20005,False
rastrigin,2,random,0.5,9,3.979831190554087,20005,False
rastrigin,2,random,0.5,10,33.82832417602923,20005,False
rastrigin,2,random,1.0,1,25.868681991635512,20005,False
rastrigin,2,random,1.0,2,0.9949590570932898,20005,False
rastrigin,2,random,1.0,3,1.9899181141865796,20005,False
rastrigin,2,random,1.0,4,0.9949590570932898,20005,False
rastrigin,2,random,1.0,5,1.2755485556681379e-09,451,True
rastrigin,2,random,1.0,6,6.067061519843264e-09,373,True
rastrigin,2,random,1.0,7,0.9949590570932898,20005,False
rastrigin,2,random,1.0,8,19.899074983015616,20005,False
rastrigin,2,random,1.0,9,8.954601241487008,20005,False
rastrigin,2,random,1.0,10,1.6914280174702938,20005,False
rastrigin,2,random,2.0,1,5.831532217377486,20005,False
rastrigin,2,random,2.0,2,0.9949590570932898,20005,False
rastrigin,2,random,2.0,3,3.979831190554087,20005,False
rastrigin,2,random,2.0,4,1.3820041712456295,20005,False
rastrigin,2,random,2.0,5,4.974790247647377,20005,False
rastrigin,2,random,2.0,6,1.3948227985677413,20005,False
rastrigin,2,random,2.0,7,0.9949590570932898,20005,False
rastrigin,2,random,2.0,8,0.6985562262013723,20005,False
rastrigin,2,random,2.0,9,0.9949590570932898,20005,False
rastrigin,2,random,2.0,10,4.974790247647375,20005,False
rastrigin,2,random,5.0,1,3.979831190554087,20005,False
rastrigin,2,random,5.0,2,0.5950956355639789,20005,False
rastrigin,2,random,5.0,3,0.9949590570932898,20005,False
rastrigin,2,random,5.0,4,0.9949590570932898,20005,False
rastrigin,2,random,5.0,5,0.9949590570932898,20005,False
rastrigin,2,random,5.0,6,7.959662381108172,20005,False
rastrigin,2,random,5.0,7,2.154699261171153,20005,False
rastrigin,2,random,5.0,8,4.921069773899944e-09,499,True
rastrigin,2,random,5.0,9,1.9899181141865796,20005,False
rastrigin,2,random,5.0,10,0.9949590570932898,20005,False
rastrigin,10,zero,0.1,1,106.45972219940917,20001,False
rastrigin,10,zero,0.1,2,70.64180507776081,20001,False
rastrigin,10,zero,0.1,3,80.59128440658628,20001,False
rastrigin,10,zero,0.1,4,85.56593235811289,20001,False
rastrigin,10,zero,0.1,5,105.4648852417222,20001,False
rastrigin,10,zero,0.1,6,59.69716866049997,20001,False
rastrigin,10,zero,0.1,7,97.5054057330607,20001,False
rastrigin,10,zero,0.1,8,76.61135131334034,20001,False
rastrigin,10,zero,0.1,9,98.50040069908943,20001,False
rastrigin,10,zero,0.1,10,104.47004828403523,20001,False
rastrigin,10,zero,0.3,1,77.6063666589805,20001,False
rastrigin,10,zero,0.3,2,22.884017965154925,20001,False
rastrigin,10,zero,0.3,3,84.57109540042592,20001,False
rastrigin,10,zero,0.3,4,78.60128980713839,20001,False
rastrigin,10,zero,0.3,5,97.50528363365439,20001,False
rastrigin,10,zero,0.3,6,60.69212771759326,20001,False
rastrigin,10,zero,0.3,7,92.53063568212778,20001,False
rastrigin,10,zero,0.3,8,13.929416723667927,20001,False
rastrigin,10,zero,0.3,9,88.55082468828815,20001,False
rastrigin,10,zero,0.3,10,104.47004828403523,20001,False
rastrigin,10,zero,0.5,1,4.974795285466456,20001,False
rastrigin,10,zero,0.5,2,12.934457666574644,20001,False
rastrigin,10,zero,0.5,3,7.959672456746318,20001,False
rastrigin,10,zero,0.5,4,22.88401796515494,20001,False
rastrigin,10,zero,0.5,5,16.91428885712871,20001,False
rastrigin,10,zero,0.5,6,27.858788016087857,20001,False
rastrigin,10,zero,0.5,7,7.959667418927239,20001,False
rastrigin,10,zero,0.5,8,10.94453955238805,20001,False
rastrigin,10,zero,0.5,9,13.929416723667913,20001,False
rastrigin,10,zero,0.5,10,88.55092659098001,20001,False
rastrigin,10,zero,1.0,1,13.929416723667913,20001,False
rastrigin,10,zero,1.0,2,21.889074066957008,20001,False
rastrigin,10,zero,1.0,3,12.934457666574616,20001,False
rastrigin,10,zero,1.0,4,11.939498609481348,20001,False
rastrigin,10,zero,1.0,5,4.974795285466456,20001,False
rastrigin,10,zero,1.0,6,8.954626476020536,20001,False
rastrigin,10,zero,1.0,7,12.93445766657463,20001,False
rastrigin,10,zero,1.0,8,21.889038711347183,20001,False
rastrigin,10,zero,1.0,9,17.909232755326627,20001,False
rastrigin,10,zero,1.0,10,28.85370145903616,20001,False
rastrigin,10,zero,2.0,1,24.87393104152244,20001,False
rastrigin,10,zero,2.0,2,6.9647083618339565,20001,False
rastrigin,10,zero,2.0,3,12.934457666574644,20001,False
rastrigin,10,zero,2.0,4,15.919329800035428,20001,False
rastrigin,10,zero,2.0,5,19.899145831694113,20001,False
rastrigin,10,zero,2.0,6,10.94454459020713,20001,False
rastrigin,10,zero,2.0,7,15.919329800035428,20001,False
rastrigin,10,zero,2.0,8,9.949585533113833,20001,False
rastrigin,10,zero,2.0,9,5.969754342559753,20001,False
rastrigin,10,zero,2.0,10,11.93949860948132,20001,False
rastrigin,10,zero,5.0,1,16.91426866041425,20001,False
rastrigin,10,zero,5.0,2,6.96471339965305,20001,False
rastrigin,10,zero,5.0,3,12.934457666574644,20001,False
rastrigin,10,zero,5.0,4,17.909227717507548,20001,False
rastrigin,10,zero,5.0,5,12.934457666574644,20001,False
rastrigin,10,zero,5.0,6,10.94454459020713,20001,False
rastrigin,10,zero,5.0,7,27.858803174983223,20001,False
rastrigin,10,zero,5.0,8,14.924350546227686,20001,False
rastrigin,10,zero,5.0,9,12.934457666574616,20001,False
rastrigin,10,zero,5.0,10,3.979836228373159,20001,False
rastrigin,10,random,0.1,1,88.55076391524779,20001,False
rastrigin,10,random,0.1,2,70.64180507776081,20001,False
rastrigin,10,random,0.1,3,80.5912844065863,20001,False
rastrigin,10,random,0.1,4,92.53057490908742,20001,False
rastrigin,10,random,0.1,5,105.4648852417222,20001,False
rastrigin,10,random,0.1,6,59.69716866049997,20001,False
rastrigin,10,random,0.1,7,97.5054057330607,20001,False
rastrigin,10,random,0.1,8,75.61639225624705,20001,False
rastrigin,10,random,0.1,9,106.45992078407681,20001,False
rastrigin,10,random,0.1,10,91.53572223917948,20001,False
rastrigin,10,random,0.3,1,81.5861978495346,20001,False
rastrigin,10,random,0.3,2,71.63670336181374,20001,False
rastrigin,10,random,0.3,3,87.55589104862538,20001,False
rastrigin,10,random,0.3,4,63.676979654339604,20001,False
rastrigin,10,random,0.3,5,105.4648852417222,20001,False
rastrigin,10,random,0.3,6,59.69716866049997,20001,False
rastrigin,10,random,0.3,7,90.54076318208618,20001,False
rastrigin,10,random,0.3,8,51.73751131721087,20001,False
rastrigin,10,random,0.3,9,64.67210138716513,20001,False
rastrigin,10,random,0.3,10,97.5054057330607,20001,False
rastrigin,10,random,0.5,1,11.939478412766874,20001,False
rastrigin,10,random,0.5,2,16.91426866041425,20001,False
rastrigin,10,random,0.5,3,46.76278184260386,20001,False
rastrigin,10,random,0.5,4,4.974795285466456,20001,False
rastrigin,10,random,0.5,5,13.929416723667913,20001,False
rastrigin,10,random,0.5,6,34.823491340102734,20001,False
rastrigin,10,random,0.5,7,69.64674933869173,20001,False
rastrigin,10,random,0.5,8,14.924355584046765,20001,False
rastrigin,10,random,0.5,9,12.934457666574644,20001,False
rastrigin,10,random,0.5,10,5.969754342559753,20001,False
rastrigin,10,random,1.0,1,8.95462647602055,20001,False
rastrigin,10,random,1.0,2,5.969754342559753,20001,False
rastrigin,10,random,1.0,3,28.85374203536206,20001,False
rastrigin,10,random,1.0,4,8.954626476020536,20001,False
rastrigin,10,random,1.0,5,26.86382895899456,20001,False
rastrigin,10,random,1.0,6,15.919329800035428,20001,False
rastrigin,10,random,1.0,7,10.94454459020713,20001,False
rastrigin,10,random,1.0,8,9.949585533113833,20001,False
rastrigin,10,random,1.0,9,22.88401292733586,20001,False
rastrigin,10,random,1.0,10,24.87393104152244,20001,False
rastrigin,10,random,2.0,1,14.92437074294213,20001,False
rastrigin,10,random,2.0,2,8.954626476020536,20001,False
rastrigin,10,random,2.0,3,7.959667418927239,20001,False
rastrigin,10,random,2.0,4,19.899140793875063,20001,False
rastrigin,10,random,2.0,5,15.919329800035428,20001,False
rastrigin,10,random,2.0,6,8.954626476020536,20001,False
rastrigin,10,random,2.0,7,11.93949860948132,20001,False
rastrigin,10,random,2.0,8,6.964708361833971,20001,False
rastrigin,10,random,2.0,9,7.959672456746333,20001,False
rastrigin,10,random,2.0,10,11.939498609481333,20001,False
rastrigin,10,random,5.0,1,18.904186774600845,20001,False
rastrigin,10,random,5.0,2,14.92437578076121,20001,False
rastrigin,10,random,5.0,3,9.949585533113833,20001,False
rastrigin,10,random,5.0,4,10.94454459020713,20001,False
rastrigin,10,random,5.0,5,21.889058908061642,20001,False
rastrigin,10,random,5.0,6,6.9647083618339565,20001,False
rastrigin,10,random,5.0,7,14.92437074294213,20001,False
rastrigin,10,random,5.0,8,28.85369642121708,20001,False
rastrigin,10,random,5.0,9,9.949580495294754,20001,False
rastrigin,10,random,5.0,10,19.899160990589507,20001,False
ackley,2,zero,0.1,1,8.616250044048794,20005,False
ackley,2,zero,0.1,2,6.559645375627877,20005,False
ackley,2,zero,0.1,3,10.120350743632669,20005,False
ackley,2,zero,0.1,4,4.615845927702367e-09,541,True
ackley,2,zero,0.1,5,9.001093478292004,20005,False
ackley,2,zero,0.1,6,3.0177393917085737e-09,631,True
ackley,2,zero,0.1,7,8.81315177404689,20005,False
ackley,2,zero,0.1,8,10.64502748371434,20005,False
ackley,2,zero,0.1,9,9.353039239137802,20005,False
ackley,2,zero,0.1,10,11.217549480016734,20005,False
ackley,2,zero,0.3,1,6.281880349234825e-09,637,True
ackley,2,zero,0.3,2,6.559645375627873,20005,False
ackley,2,zero,0.3,3,10.12035074363267,20005,False
ackley,2,zero,0.3,4,3.5645055795896496e-09,535,True
ackley,2,zero,0.3,5,9.001093478292004,20005,False
ackley,2,zero,0.3,6,9.271645229347314e-09,577,True
ackley,2,zero,0.3,7,7.734062723585566e-09,529,True
ackley,2,zero,0.3,8,10.64502748371434,20005,False
ackley,2,zero,0.3,9,6.181938960736488e-09,589,True
ackley,2,zero,0.3,10,11.217549480016736,20005,False
ackley,2,zero,0.5,1,9.752693319597938e-09,553,True
ackley,2,zero,0.5,2,9.593670302621149e-09,529,True
ackley,2,zero,0.5,3,9.405692669162136e-09,535,True
ackley,2,zero,0.5,4,2.1777464276340197e-09,565,True
ackley,2,zero,0.5,5,7.948493863096928e-09,499,True
ackley,2,zero,0.5,6,3.78465658812388e-09,541,True
ackley,2,zero,0.5,7,5.595357510657095e-09,535,True
ackley,2,zero,0.5,8,10.64502748371434,20005,False
ackley,2,zero,0.5,9,9.591783811657706e-09,541,True
ackley,2,zero,0.5,10,9.80351488877318e-09,649,True
ackley,2,zero,1.0,1,2.811639365773999e-09,607,True
ackley,2,zero,1.0,2,4.925990726434293e-09,535,True
ackley,2,zero,1.0,3,3.716849494850294e-09,589,True
ackley,2,zero,1.0,4,8.952799834816005e-09,547,True
ackley,2,zero,1.0,5,8.574230214719591e-10,505,True
ackley,2,zero,1.0,6,3.6493976729445876e-09,523,True
ackley,2,zero,1.0,7,1.8168901938508952e-09,517,True
ackley,2,zero,1.0,8,7.895245790479066e-09,565,True
ackley,2,zero,1.0,9,9.573352333092089e-09,607,True
ackley,2,zero,1.0,10,9.546508028535072e-09,595,True
ackley,2,zero,2.0,1,5.788564738651303e-09,565,True
ackley,2,zero,2.0,2,6.9207790609482345e-09,511,True
ackley,2,zero,2.0,3,7.539111113175068e-09,577,True
ackley,2,zero,2.0,4,9.92740512018031e-09,577,True
ackley,2,zero,2.0,5,3.3078255690099923e-09,505,True
ackley,2,zero,2.0,6,8.005497154073282e-09,577,True
ackley,2,zero,2.0,7,6.792614914985506e-09,595,True
ackley,2,zero,2.0,8,2.0863102356827312e-09,529,True
ackley,2,zero,2.0,9,3.2781923842151173e-09,529,True
ackley,2,zero,2.0,10,8.736944057119445e-09,559,True
ackley,2,zero,5.0,1,6.926633933090898e-09,547,True
ackley,2,zero,5.0,2,5.534027014419962e-09,547,True
ackley,2,zero,5.0,3,5.369138467159473e-09,577,True
ackley,2,zero,5.0,4,8.718914035199532e-09,547,True
ackley,2,zero,5.0,5,8.236718418430655e-09,547,True
ackley,2,zero,5.0,6,7.608012442261725e-09,565,True
ackley,2,zero,5.0,7,5.495306432123925e-10,535,True
ackley,2,zero,5.0,8,6.1166152143243835e-09,583,True
ackley,2,zero,5.0,9,2.013071043194259e-09,529,True
ackley,2,zero,5.0,10,3.726015496141599e-09,595,True
ackley,2,random,0.1,1,8.616250044048796,20005,False
ackley,2,random,0.1,2,6.559645375627873,20005,False
ackley,2,random,0.1,3,9.353039239137802,20005,False
ackley,2,random,0.1,4,8.314558375133174e-09,529,True
ackley,2,random,0.1,5,9.001093478292006,20005,False
ackley,2,random,0.1,6,3.7493745885797125e-09,571,True
ackley,2,random,0.1,7,8.81315177404689,20005,False
ackley,2,random,0.1,8,10.64502748371434,20005,False
ackley,2,random,0.1,9,9.353039239137802,20005,False
ackley,2,random,0.1,10,10.120350743632669,20005,False
ackley,2,random,0.3,1,8.516736205166353e-09,727,True
ackley,2,random,0.3,2,5.962381255386617e-09,529,True
ackley,2,random,0.3,3,10.12035074363267,20005,False
ackley,2,random,0.3,4,8.616250044048794,20005,False
ackley,2,random,0.3,5,9.001093478292006,20005,False
ackley,2,random,0.3,6,2.9172118054532348e-09,523,True
ackley,2,random,0.3,7,6.271282604330963e-09,619,True
ackley,2,random,0.3,8,7.951385772031472e-09,631,True
ackley,2,random,0.3,9,8.562424103075728e-09,541,True
ackley,2,random,0.3,10,11.217549480016734,20005,False
ackley,2,random,0.5,1,2.11910178293806e-09,637,True
ackley,2,random,0.5,2,9.129415889930215e-09,517,True
ackley,2,random,0.5,3,4.128271502423786e-09,577,True
ackley,2,random,0.5,4,4.623651239654691e-09,559,True
ackley,2,random,0.5,5,5.619182008587131e-09,553,True
ackley,2,random,0.5,6,8.436849885384845e-09,565,True
ackley,2,random,0.5,7,5.911740874608995e-09,601,True
ackley,2,random,0.5,8,9.058866101696594e-09,631,True
ackley,2,random,0.5,9,6.997979529188569e-09,535,True
ackley,2,random,0.5,10,11.217549480016734,20005,False
ackley,2,random,1.0,1,6.836430532786153e-09,709,True
ackley,2,random,1.0,2,7.089419273853537e-09,529,True
ackley,2,random,1.0,3,8.303544962728893e-09,517,True
ackley,2,random,1.0,4,3.494705413942256e-09,577,True
ackley,2,random,1.0,5,5.57997070771421e-09,511,True
ackley,2,random,1.0,6,7.078796659953923e-09,565,True
ackley,2,random,1.0,7,4.610886339406761e-09,595,True
ackley,2,random,1.0,8,4.371472517306074e-09,601,True
ackley,2,random,1.0,9,7.996928008680015e-09,535,True
ackley,2,random,1.0,10,5.844075889882561e-09,589,True
ackley,2,random,2.0,1,8.856343658436572e-09,703,True
ackley,2,random,2.0,2,5.719802409487329e-10,517,True
ackley,2,random,2.0,3,6.188678458585173e-09,613,True
ackley,2,random,2.0,4,4.571707012956949e-09,565,True
ackley,2,random,2.0,5,8.734375445129672e-09,535,True
ackley,2,random,2.0,6,6.0842393345694745e-09,565,True
ackley,2,random,2.0,7,9.632352249155929e-09,517,True
ackley,2,random,2.0,8,7.379043598376711e-09,631,True
ackley,2,random,2.0,9,1.3818710620228103e-09,535,True
ackley,2,random,2.0,10,9.323713801023814e-09,625,True
ackley,2,random,5.0,1,9.40733757559542e-09,541,True
ackley,2,random,5.0,2,2.9029512127465296e-09,541,True
ackley,2,random,5.0,3,6.027580656819964e-09,463,True
ackley,2,random,5.0,4,4.944503917414522e-09,577,True
ackley,2,random,5.0,5,8.631005687931292e-09,505,True
ackley,2,random,5.0,6,9.897541008996313e-09,571,True
ackley,2,random,5.0,7,5.023594429331979e-09,595,True
ackley,2,random,5.0,8,9.01125263297331e-09,547,True
ackley,2,random,5.0,9,9.325905825363634e-09,559,True
ackley,2,random,5.0,10,5.023359950229178e-09,577,True
ackley,10,zero,0.1,1,8.616259216202588,20001,False
ackley,10,zero,0.1,2,8.236203990085329,20001,False
ackley,10,zero,0.1,3,8.451671643776933,20001,False
ackley,10,zero,0.1,4,9.10984154115177,20001,False
ackley,10,zero,0.1,5,9.250557503488034,20001,False
ackley,10,zero,0.1,6,7.717823234678949,20001,False
ackley,10,zero,0.1,7,9.285002463477797,20001,False
ackley,10,zero,0.1,8,8.493423601815856,20001,False
ackley,10,zero,0.1,9,9.614468201710302,20001,False
ackley,10,zero,0.1,10,9.518362775414491,20001,False
ackley,10,zero,0.3,1,5.050374785042777e-09,2801,True
ackley,10,zero,0.3,2,8.950867158574738e-09,2901,True
ackley,10,zero,0.3,3,9.259619293544574e-09,2781,True
ackley,10,zero,0.3,4,9.91396165161973e-09,2911,True
ackley,10,zero,0.3,5,9.118523269791012e-09,2961,True
ackley,10,zero,0.3,6,9.485191743152654e-09,2701,True
ackley,10,zero,0.3,7,8.493449343854671,20001,False
ackley,10,zero,0.3,8,7.733213625016333e-09,2721,True
ackley,10,zero,0.3,9,9.616841101234286e-09,3041,True
ackley,10,zero,0.3,10,9.375110909815021e-09,3061,True
ackley,10,zero,0.5,1,6.929891771534358e-09,2971,True
ackley,10,zero,0.5,2,7.57085460989515e-09,2731,True
ackley,10,zero,0.5,3,9.42671052328592e-09,2671,True
ackley,10,zero,0.5,4,9.603763562182621e-09,2951,True
ackley,10,zero,0.5,5,7.155531722702335e-09,3091,True
ackley,10,zero,0.5,6,7.211774732951426e-09,2971,True
ackley,10,zero,0.5,7,9.850829929547444e-09,2751,True
ackley,10,zero,0.5,8,5.842349271034664e-09,2741,True
ackley,10,zero,0.5,9,9.270586520671031e-09,2831,True
ackley,10,zero,0.5,10,9.440264125970543e-09,2891,True
ackley,10,zero,1.0,1,9.820013691097529e-09,2741,True
ackley,10,zero,1.0,2,1.155148502709825,20001,False
ackley,10,zero,1.0,3,9.62749213684333e-09,2681,True
ackley,10,zero,1.0,4,9.857544558400377e-09,2811,True
ackley,10,zero,1.0,5,9.308113835260201e-09,2861,True
ackley,10,zero,1.0,6,9.297064895719132e-09,2611,True
ackley,10,zero,1.0,7,9.032711023593265e-09,2811,True
ackley,10,zero,1.0,8,8.641983573198786e-09,2771,True
ackley,10,zero,1.0,9,8.029449549695755e-09,2871,True
ackley,10,zero,1.0,10,9.005085122026912e-09,2821,True
ackley,10,zero,2.0,1,9.554981250659011e-09,2601,True
ackley,10,zero,2.0,2,9.835020353676782e-09,2911,True
ackley,10,zero,2.0,3,7.725131201397062e-09,2681,True
ackley,10,zero,2.0,4,8.82729311868502e-09,2881,True
ackley,10,zero,2.0,5,7.99972754705891e-09,2711,True
ackley,10,zero,2.0,6,9.105861398239767e-09,2701,True
ackley,10,zero,2.0,7,9.225072705731918e-09,2631,True
ackley,10,zero,2.0,8,9.508458465035119e-09,2571,True
ackley,10,zero,2.0,9,9.913169396469357e-09,2751,True
ackley,10,zero,2.0,10,9.321376115423163e-09,2761,True
ackley,10,zero,5.0,1,9.45265243856852e-09,2701,True
ackley,10,zero,5.0,2,7.247365818585649e-09,2871,True
ackley,10,zero,5.0,3,9.234405684566127e-09,2641,True
ackley,10,zero,5.0,4,9.983879056818523e-09,2891,True
ackley,10,zero,5.0,5,8.032885023823155e-09,2781,True
ackley,10,zero,5.0,6,9.438889225776848e-09,2611,True
ackley,10,zero,5.0,7,9.688826185794142e-09,2711,True
ackley,10,zero,5.0,8,9.57364720832743e-09,2881,True
ackley,10,zero,5.0,9,9.768989617242596e-09,2891,True
ackley,10,zero,5.0,10,8.97692276069506e-09,2821,True
ackley,10,random,0.1,1,8.656388647115344,20001,False
ackley,10,random,0.1,2,8.101252298303663,20001,False
ackley,10,random,0.1,3,8.451671643776933,20001,False
ackley,10,random,0.1,4,1.155148502709825,20001,False
ackley,10,random,0.1,5,9.550641533291278,20001,False
ackley,10,random,0.1,6,7.717823234678951,20001,False
ackley,10,random,0.1,7,9.285002463477797,20001,False
ackley,10,random,0.1,8,8.451651481762166,20001,False
ackley,10,random,0.1,9,9.614468201710302,20001,False
ackley,10,random,0.1,10,9.285002463477797,20001,False
ackley,10,random,0.3,1,9.176297499635666e-09,2871,True
ackley,10,random,0.3,2,7.4389956417064695e-09,2991,True
ackley,10,random,0.3,3,9.93629400980467e-09,2981,True
ackley,10,random,0.3,4,7.596753892613606e-09,2761,True
ackley,10,random,0.3,5,7.49825845858254e-09,2761,True
ackley,10,random,0.3,6,8.115787597517965e-09,2851,True
ackley,10,random,0.3,7,9.792803457031596e-09,2861,True
ackley,10,random,0.3,8,8.417768260216008e-09,2721,True
ackley,10,random,0.3,9,9.174489168373157e-09,2971,True
ackley,10,random,0.3,10,1.155148502709825,20001,False
ackley,10,random,0.5,1,9.585733540262709e-09,2801,True
ackley,10,random,0.5,2,7.499963761148365e-09,2841,True
ackley,10,random,0.5,3,8.627062175747824e-09,2591,True
ackley,10,random,0.5,4,9.513968723950939e-09,2791,True
ackley,10,random,0.5,5,9.88389858846972e-09,2821,True
ackley,10,random,0.5,6,9.687653790280137e-09,2771,True
ackley,10,random,0.5,7,9.522683530605036e-09,2951,True
ackley,10,random,0.5,8,9.603610795494433e-09,2811,True
ackley,10,random,0.5,9,9.166087000522793e-09,2921,True
ackley,10,random,0.5,10,9.620503949037129e-09,2951,True
ackley,10,random,1.0,1,5.282430937114668e-09,2651,True
ackley,10,random,1.0,2,8.42350589280727e-09,2701,True
ackley,10,random,1.0,3,8.271584750474403e-09,2641,True
ackley,10,random,1.0,4,8.175842669544409e-09,2841,True
ackley,10,random,1.0,5,8.156118003199708e-09,2831,True
ackley,10,random,1.0,6,8.532009321271516e-09,2701,True
ackley,10,random,1.0,7,7.949485070213314e-09,2681,True
ackley,10,random,1.0,8,5.271630687531115e-09,2841,True
ackley,10,random,1.0,9,1.155148502709825,20001,False
ackley,10,random,1.0,10,7.816197911125755e-09,2961,True
ackley,10,random,2.0,1,1.155148502709825,20001,False
ackley,10,random,2.0,2,9.479098839193512e-09,2661,True
ackley,10,random,2.0,3,9.608190243426407e-09,2751,True
ackley,10,random,2.0,4,8.463900247335232e-09,2621,True
ackley,10,random,2.0,5,5.3610311745444506e-09,2921,True
ackley,10,random,2.0,6,9.382688848091902e-09,2801,True
ackley,10,random,2.0,7,9.042164794692553e-09,2551,True
ackley,10,random,2.0,8,9.441582182745378e-09,2731,True
ackley,10,random,2.0,9,9.404570011639635e-09,2921,True
ackley,10,random,2.0,10,8.873012991017504e-09,2761,True
ackley,10,random,5.0,1,9.355958230372607e-09,2701,True
ackley,10,random,5.0,2,9.855110949530399e-09,2801,True
ackley,10,random,5.0,3,9.343644524761885e-09,2921,True
ackley,10,random,5.0,4,8.229811943039067e-09,2811,True
ackley,10,random,5.0,5,7.91244092468446e-09,2831,True
ackley,10,random,5.0,6,9.642406428866934e-09,2871,True
ackley,10,random,5.0,7,8.776148252565008e-09,2701,True
ackley,10,random,5.0,8,7.713808702902725e-09,2571,True
ackley,10,random,5.0,9,9.727344707499697e-09,2971,True
ackley,10,random,5.0,10,8.86052520243652e-09,2771,True
